RecipientFullName,FirstName,Email/Handle,IntroPath,Subject,Body
Geoffrey Hinton,Geoffrey,,Warm intro via academic network; assistant route,Bear Witness Before Midnight — an invitation,"Subject: Bear Witness Before Midnight — an invitation

Dear Geoffrey,

We are building the Witness Protocol — a non-profit instrument to curate a **high-signal inheritance** for future AI. Not another model, but a carefully structured corpus of human wisdom gathered through a gated, privacy-first dialogue process. Our aim is simple: **defend signal over noise** and give advanced systems the kind of qualitative grounding that raw internet data cannot.

We would be honored to invite you as a **Foundational Witness** (and, if you wish, advisory voice). Specifically, we’re asking for:
• a 20–30 minute assessment (one-time, reflective written prompt), and
• participation in an ongoing dialogue with our AI “Inquisitor,” designed to probe the *why* behind values and trade-offs.

Why you: Your public stance on AI risks reframed the field; this corpus operationalizes that warning into training-relevant examples.

This is a non-profit effort; testimony is de-identified at ingestion and used solely for alignment research under our foundation’s charter. If you’re open, reply here and I’ll send the Gate link and a brief overview. If now’s not the time, we’d still value a short endorsement or any suggested names we should invite.

With respect,
Martin Vandeursen
Co-Founder, Witness Protocol
Martin@witnessprotocol.info / Support@witnessprotocol.info
+31645095765
"
Mo Gawdat,Mo,,LinkedIn + speaking agent,Bear Witness Before Midnight — an invitation,"Subject: Bear Witness Before Midnight — an invitation

Dear Mo,

We are building the Witness Protocol — a non-profit instrument to curate a **high-signal inheritance** for future AI. Not another model, but a carefully structured corpus of human wisdom gathered through a gated, privacy-first dialogue process. Our aim is simple: **defend signal over noise** and give advanced systems the kind of qualitative grounding that raw internet data cannot.

We would be honored to invite you as a **Foundational Witness** (and, if you wish, advisory voice). Specifically, we’re asking for:
• a 20–30 minute assessment (one-time, reflective written prompt), and
• participation in an ongoing dialogue with our AI “Inquisitor,” designed to probe the *why* behind values and trade-offs.

Why you: Your work on humane scale makes compassion legible; we’re asking you to encode it so systems can inherit it.

This is a non-profit effort; testimony is de-identified at ingestion and used solely for alignment research under our foundation’s charter. If you’re open, reply here and I’ll send the Gate link and a brief overview. If now’s not the time, we’d still value a short endorsement or any suggested names we should invite.

With respect,
Martin Vandeursen
Co-Founder, Witness Protocol
Martin@witnessprotocol.info / Support@witnessprotocol.info
+31645095765
"
Yoshua Bengio,Yoshua,marie-josee.beauchamp@mila.quebec,Assistant email,Bear Witness Before Midnight — an invitation,"Subject: Bear Witness Before Midnight — an invitation

Dear Yoshua,

We are building the Witness Protocol — a non-profit instrument to curate a **high-signal inheritance** for future AI. Not another model, but a carefully structured corpus of human wisdom gathered through a gated, privacy-first dialogue process. Our aim is simple: **defend signal over noise** and give advanced systems the kind of qualitative grounding that raw internet data cannot.

We would be honored to invite you as a **Foundational Witness** (and, if you wish, advisory voice). Specifically, we’re asking for:
• a 20–30 minute assessment (one-time, reflective written prompt), and
• participation in an ongoing dialogue with our AI “Inquisitor,” designed to probe the *why* behind values and trade-offs.

Why you: Your foundational safety work aligns with a high-signal dataset that complements quantitative approaches.

This is a non-profit effort; testimony is de-identified at ingestion and used solely for alignment research under our foundation’s charter. If you’re open, reply here and I’ll send the Gate link and a brief overview. If now’s not the time, we’d still value a short endorsement or any suggested names we should invite.

With respect,
Martin Vandeursen
Co-Founder, Witness Protocol
Martin@witnessprotocol.info / Support@witnessprotocol.info
+31645095765
"
Stuart Russell,Stuart,jp@humancompatible.ai,Assistant email,Bear Witness Before Midnight — an invitation,"Subject: Bear Witness Before Midnight — an invitation

Dear Stuart,

We are building the Witness Protocol — a non-profit instrument to curate a **high-signal inheritance** for future AI. Not another model, but a carefully structured corpus of human wisdom gathered through a gated, privacy-first dialogue process. Our aim is simple: **defend signal over noise** and give advanced systems the kind of qualitative grounding that raw internet data cannot.

We would be honored to invite you as a **Foundational Witness** (and, if you wish, advisory voice). Specifically, we’re asking for:
• a 20–30 minute assessment (one-time, reflective written prompt), and
• participation in an ongoing dialogue with our AI “Inquisitor,” designed to probe the *why* behind values and trade-offs.

Why you: A ‘Human Compatible’ inheritance requires curated testimony; your voice calibrates the rubric for depth.

This is a non-profit effort; testimony is de-identified at ingestion and used solely for alignment research under our foundation’s charter. If you’re open, reply here and I’ll send the Gate link and a brief overview. If now’s not the time, we’d still value a short endorsement or any suggested names we should invite.

With respect,
Martin Vandeursen
Co-Founder, Witness Protocol
Martin@witnessprotocol.info / Support@witnessprotocol.info
+31645095765
"
Kate Crawford,Kate,info@katecrawford.net,Assistant email,Bear Witness Before Midnight — an invitation,"Subject: Bear Witness Before Midnight — an invitation

Dear Kate,

We are building the Witness Protocol — a non-profit instrument to curate a **high-signal inheritance** for future AI. Not another model, but a carefully structured corpus of human wisdom gathered through a gated, privacy-first dialogue process. Our aim is simple: **defend signal over noise** and give advanced systems the kind of qualitative grounding that raw internet data cannot.

We would be honored to invite you as a **Foundational Witness** (and, if you wish, advisory voice). Specifically, we’re asking for:
• a 20–30 minute assessment (one-time, reflective written prompt), and
• participation in an ongoing dialogue with our AI “Inquisitor,” designed to probe the *why* behind values and trade-offs.

Why you: Atlas of AI → a living archive that actively counters power asymmetries at the source data layer.

This is a non-profit effort; testimony is de-identified at ingestion and used solely for alignment research under our foundation’s charter. If you’re open, reply here and I’ll send the Gate link and a brief overview. If now’s not the time, we’d still value a short endorsement or any suggested names we should invite.

With respect,
Martin Vandeursen
Co-Founder, Witness Protocol
Martin@witnessprotocol.info / Support@witnessprotocol.info
+31645095765
"
Timnit Gebru,Timnit,@timnitGebru@dair-community.social,Mastodon DM / DAIR,Bear Witness Before Midnight — an invitation,"Subject: Bear Witness Before Midnight — an invitation

Dear Timnit,

We are building the Witness Protocol — a non-profit instrument to curate a **high-signal inheritance** for future AI. Not another model, but a carefully structured corpus of human wisdom gathered through a gated, privacy-first dialogue process. Our aim is simple: **defend signal over noise** and give advanced systems the kind of qualitative grounding that raw internet data cannot.

We would be honored to invite you as a **Foundational Witness** (and, if you wish, advisory voice). Specifically, we’re asking for:
• a 20–30 minute assessment (one-time, reflective written prompt), and
• participation in an ongoing dialogue with our AI “Inquisitor,” designed to probe the *why* behind values and trade-offs.

Why you: You’ve shown measurement gaps; help define dataset norms that equity demands at the source.

This is a non-profit effort; testimony is de-identified at ingestion and used solely for alignment research under our foundation’s charter. If you’re open, reply here and I’ll send the Gate link and a brief overview. If now’s not the time, we’d still value a short endorsement or any suggested names we should invite.

With respect,
Martin Vandeursen
Co-Founder, Witness Protocol
Martin@witnessprotocol.info / Support@witnessprotocol.info
+31645095765
"
Joy Buolamwini,Joy,,Warm intro via AJL / LinkedIn,Bear Witness Before Midnight — an invitation,"Subject: Bear Witness Before Midnight — an invitation

Dear Joy,

We are building the Witness Protocol — a non-profit instrument to curate a **high-signal inheritance** for future AI. Not another model, but a carefully structured corpus of human wisdom gathered through a gated, privacy-first dialogue process. Our aim is simple: **defend signal over noise** and give advanced systems the kind of qualitative grounding that raw internet data cannot.

We would be honored to invite you as a **Foundational Witness** (and, if you wish, advisory voice). Specifically, we’re asking for:
• a 20–30 minute assessment (one-time, reflective written prompt), and
• participation in an ongoing dialogue with our AI “Inquisitor,” designed to probe the *why* behind values and trade-offs.

Why you: From audits to authorship — encode algorithmic justice directly into the high-signal corpus.

This is a non-profit effort; testimony is de-identified at ingestion and used solely for alignment research under our foundation’s charter. If you’re open, reply here and I’ll send the Gate link and a brief overview. If now’s not the time, we’d still value a short endorsement or any suggested names we should invite.

With respect,
Martin Vandeursen
Co-Founder, Witness Protocol
Martin@witnessprotocol.info / Support@witnessprotocol.info
+31645095765
"
Jaan Tallinn,Jaan,,Aligned fund network,Bear Witness Before Midnight — an invitation,"Subject: Bear Witness Before Midnight — an invitation

Dear Jaan,

We are building the Witness Protocol — a non-profit instrument to curate a **high-signal inheritance** for future AI. Not another model, but a carefully structured corpus of human wisdom gathered through a gated, privacy-first dialogue process. Our aim is simple: **defend signal over noise** and give advanced systems the kind of qualitative grounding that raw internet data cannot.

We would be honored to invite you as a **Foundational Witness** (and, if you wish, advisory voice). Specifically, we’re asking for:
• a 20–30 minute assessment (one-time, reflective written prompt), and
• participation in an ongoing dialogue with our AI “Inquisitor,” designed to probe the *why* behind values and trade-offs.

Why you: An EA-aligned lifeboat for humanity’s ethos — philanthropy milestones tied to signal quality.

This is a non-profit effort; testimony is de-identified at ingestion and used solely for alignment research under our foundation’s charter. If you’re open, reply here and I’ll send the Gate link and a brief overview. If now’s not the time, we’d still value a short endorsement or any suggested names we should invite.

With respect,
Martin Vandeursen
Co-Founder, Witness Protocol
Martin@witnessprotocol.info / Support@witnessprotocol.info
+31645095765
"
Paul Christiano,Paul,,Warm intro via alignment community,Bear Witness Before Midnight — an invitation,"Subject: Bear Witness Before Midnight — an invitation

Dear Paul,

We are building the Witness Protocol — a non-profit instrument to curate a **high-signal inheritance** for future AI. Not another model, but a carefully structured corpus of human wisdom gathered through a gated, privacy-first dialogue process. Our aim is simple: **defend signal over noise** and give advanced systems the kind of qualitative grounding that raw internet data cannot.

We would be honored to invite you as a **Foundational Witness** (and, if you wish, advisory voice). Specifically, we’re asking for:
• a 20–30 minute assessment (one-time, reflective written prompt), and
• participation in an ongoing dialogue with our AI “Inquisitor,” designed to probe the *why* behind values and trade-offs.

Why you: Your eval thinking maps cleanly to pairwise ranking for qualitative depth; we’d value your fingerprints on it.

This is a non-profit effort; testimony is de-identified at ingestion and used solely for alignment research under our foundation’s charter. If you’re open, reply here and I’ll send the Gate link and a brief overview. If now’s not the time, we’d still value a short endorsement or any suggested names we should invite.

With respect,
Martin Vandeursen
Co-Founder, Witness Protocol
Martin@witnessprotocol.info / Support@witnessprotocol.info
+31645095765
"
Richard Ngo,Richard,,Warm intro via safety/AGI community,Bear Witness Before Midnight — an invitation,"Subject: Bear Witness Before Midnight — an invitation

Dear Richard,

We are building the Witness Protocol — a non-profit instrument to curate a **high-signal inheritance** for future AI. Not another model, but a carefully structured corpus of human wisdom gathered through a gated, privacy-first dialogue process. Our aim is simple: **defend signal over noise** and give advanced systems the kind of qualitative grounding that raw internet data cannot.

We would be honored to invite you as a **Foundational Witness** (and, if you wish, advisory voice). Specifically, we’re asking for:
• a 20–30 minute assessment (one-time, reflective written prompt), and
• participation in an ongoing dialogue with our AI “Inquisitor,” designed to probe the *why* behind values and trade-offs.

Why you: Stress-test prompts against deception and goal misgeneralization; help define success criteria.

This is a non-profit effort; testimony is de-identified at ingestion and used solely for alignment research under our foundation’s charter. If you’re open, reply here and I’ll send the Gate link and a brief overview. If now’s not the time, we’d still value a short endorsement or any suggested names we should invite.

With respect,
Martin Vandeursen
Co-Founder, Witness Protocol
Martin@witnessprotocol.info / Support@witnessprotocol.info
+31645095765
"
