Name,Segment,Email/Handle,Intro Path,Status,Date Sent,Response,Next Step,FollowUp1 (YYYY-MM-DD),FollowUp2 (YYYY-MM-DD)
Geoffrey Hinton,Anchor,,Warm intro via academic network; assistant route,Ready,,,"Follow up +6d, then +12d if no response",2025-09-07,2025-09-13
Mo Gawdat,Anchor,,LinkedIn + speaking agent,Ready,,,"Follow up +6d, then +12d if no response",2025-09-07,2025-09-13
Yoshua Bengio,Anchor,marie-josee.beauchamp@mila.quebec,Assistant email,Ready,,,"Follow up +6d, then +12d if no response",2025-09-07,2025-09-13
Stuart Russell,Anchor,jp@humancompatible.ai,Assistant email,Ready,,,"Follow up +6d, then +12d if no response",2025-09-07,2025-09-13
Kate Crawford,Anchor,info@katecrawford.net,Assistant email,Ready,,,"Follow up +6d, then +12d if no response",2025-09-07,2025-09-13
Timnit Gebru,Anchor,@timnitGebru@dair-community.social,Mastodon DM / DAIR,Ready,,,"Follow up +6d, then +12d if no response",2025-09-07,2025-09-13
Joy Buolamwini,Anchor,,Warm intro via AJL / LinkedIn,Ready,,,"Follow up +6d, then +12d if no response",2025-09-07,2025-09-13
Jaan Tallinn,Anchor,,Aligned fund network,Ready,,,"Follow up +6d, then +12d if no response",2025-09-07,2025-09-13
Paul Christiano,Alignment & Safety,,Warm intro via alignment community,Ready,,,"Follow up +6d, then +12d if no response",2025-09-07,2025-09-13
Richard Ngo,Alignment & Safety,,Warm intro via safety/AGI community,Ready,,,"Follow up +6d, then +12d if no response",2025-09-07,2025-09-13
